<?xml version="1.0" encoding="UTF-8" ?>
<!DOCTYPE mapper PUBLIC "-//mybatis.org//DTD Mapper 3.0//EN"
        "http://mybatis.org/dtd/mybatis-3-mapper.dtd">
<mapper namespace="com.ssafy.back_end.sns.mapper.SnsFeedMapper">

    <resultMap id="feed" type="com.ssafy.back_end.sns.model.FeedDto">
        <id property="id" column="id"/>
        <result property="content" column="content"/>
        <result property="image" column="image"/>
        <result property="likeCount" column="like_count"/>
        <result property="commentCount" column="comment"/>
        <result property="createdAt" column="created_at"/>
        <result property="userId" column="user_id"/>
        <result property="nickname" column="nickname"/>
        <result property="profileImage" column="profile_image"/>
        <result property="isLike" column="is_like"/>
    </resultMap>

    <resultMap id="likesList" type="com.ssafy.back_end.sns.model.UserPageDto">
        <id property="id" column="user_id"/>
        <result property="nickname" column="nickname"/>
        <result property="profileImage" column="profile_image"/>
    </resultMap>

    <resultMap id="commentsList" type="com.ssafy.back_end.sns.model.FeedInteractionDto">
        <id property="id" column="id"/>
        <result property="userId" column="user_id"/>
        <result property="nickname" column="nickname"/>
        <result property="profileImage" column="profile_image"/>
        <result property="comment" column="comment"/>
        <result property="createdAt" column="created_at"/>
    </resultMap>
    
    <resultMap id="routineDetails" type="com.ssafy.back_end.sns.model.SnsRoutineDetailDto">
        <result property="exerciseName" column="exercise_name" />
        <result property="setCount" column="set_count" />
    </resultMap>

    <select id="getFeeds" resultMap="feed">
        SELECT f.id                                 AS id,
               f.content                            AS content,
               f.image                              AS image,
               (SELECT COUNT(*)
                FROM feed_interactions
                WHERE feed_id = f.id
                  AND interaction_type = 'like')    AS `like_count`,
               (SELECT COUNT(*)
                FROM feed_interactions
                WHERE feed_id = f.id
                  AND interaction_type = 'comment') AS `comment`,
               f.created_at                         AS created_at,
               u.id                                 AS user_id,
               u.nickname                           AS nickname,
               u.profile_image                      AS profile_image,
               CASE
                   WHEN fi.user_id IS NOT NULL THEN 1
                   ELSE 0
                   END                              AS is_like
        FROM feeds f
                 JOIN
             users u ON f.user_id = u.id
                 LEFT JOIN feed_interactions fi
                           ON f.id = fi.feed_id AND fi.user_id = #{myId} AND fi.interaction_type = 'like'
        WHERE CASE
                  WHEN #{userId} = 0 THEN f.user_id IN (SELECT followed_id
                                                        FROM follows
                                                        WHERE follower_id = #{myId}) OR f.user_id = #{myId}
                  ELSE f.user_id = #{userId}
                  END
        ORDER BY f.created_at DESC
            LIMIT #{limit}
        OFFSET #{offset};

    </select>


    <select id="getMyRoutine" resultType="Integer">
        SELECT id
        FROM routines
        WHERE user_id = #{userId} AND is_complete = 1 AND DATE(completed_at) = CURDATE();
    </select>

    <select id="getRoutineId" resultType="Integer">
        SELECT routine_id
        FROM feeds
        WHERE id = #{feedId};
    </select>

    <select id="getRoutine" resultMap="routineDetails">
        SELECT rd.id,
               e.name                               AS exercise_name,
               (SELECT COUNT(*)
                FROM routine_sets rs
                WHERE rs.routine_detail_id = rd.id) AS set_count
        FROM routine_details rd
                 JOIN exercises e ON rd.exercise_id = e.id
        WHERE rd.routine_id = #{routineId};
    </select>

<!--    <insert id="saveRoutine">-->
<!--    </insert>-->

    <update id="setUpload">
        UPDATE routines
        SET is_upload      = 1
        WHERE id = #{routineId};
    </update>

    <insert id="writeFeed" useGeneratedKeys="true" keyProperty="id">
        INSERT INTO feeds (content, routine_id, user_id)
        VALUES (#{content}, #{routineId}, #{userId});
    </insert>

    <update id="updateImage">
        UPDATE feeds
        SET image      = #{image}
        WHERE id = #{feedId};
    </update>

    <update id="updateFeed">
        UPDATE feeds
        SET content = #{content},
        routine_id = #{routineId},
        updated_at = NOW()
        <if test="image != null and image != ''">
            , image = #{image}
        </if>
        WHERE id = #{id};
    </update>

    <select id="getImagePathsByFeedId" resultType="string">
        SELECT image
        FROM feeds
        WHERE id = #{feedId};
    </select>

    <delete id="deleteFeed">
        DELETE
        FROM feeds
        WHERE id = #{id};
    </delete>

    <select id="getListLikes" resultMap="likesList">
        SELECT u.id            AS user_id,
               u.nickname      AS nickname,
               u.profile_image AS profile_image
        FROM feed_interactions fi
                 JOIN users u ON fi.user_id = u.id
        WHERE fi.feed_id = #{feedId}
          AND fi.interaction_type = "like"
        ORDER BY fi.created_at DESC;
    </select>

    <select id="isLike" resultType="int">
        SELECT COUNT(*)
        FROM feed_interactions
        WHERE feed_id = #{feedId}
          AND user_id = #{userId}
          AND interaction_type = "like";
    </select>

    <insert id="likeFeed">
        INSERT INTO feed_interactions (feed_id, user_id, interaction_type)
        VALUES (#{feedId}, #{userId}, "like");
    </insert>

    <delete id="dislikeFeed">
        DELETE
        FROM feed_interactions
        WHERE feed_id = #{feedId}
          AND user_id = #{userId}
          AND interaction_type = "like";
    </delete>

    <select id="getListComments" resultMap="commentsList">
        SELECT fi.id           AS id,
               fi.comment      AS comment,
               fi.created_at   AS created_at,
               u.id            AS user_id,
               u.nickname      AS nickname,
               u.profile_image AS profile_image
        FROM feed_interactions fi
                 JOIN users u ON fi.user_id = u.id
        WHERE fi.feed_id = #{feedId}
          AND fi.interaction_type = "comment"
        ORDER BY fi.created_at DESC;
    </select>

    <insert id="writeComment">
        INSERT INTO feed_interactions (feed_id, user_id, comment, interaction_type)
        VALUES (#{feedId}, #{userId}, #{comment}, "comment");
    </insert>

    <update id="updateComment">
        UPDATE feed_interactions
        SET comment = #{comment}
        WHERE id = #{id};
    </update>

    <delete id="deleteComment">
        DELETE
        FROM feed_interactions
        WHERE id = #{id};
    </delete>

</mapper>