<?xml version="1.0" encoding="UTF-8" ?>
<!DOCTYPE mapper PUBLIC "-//mybatis.org//DTD Mapper 3.0//EN"
        "http://mybatis.org/dtd/mybatis-3-mapper.dtd">
<mapper namespace="com.ssafy.back_end.auth.mapper.UserRegisterMapper">

    <insert id="register" parameterType="UserDto" useGeneratedKeys="true" keyProperty="id">
        INSERT INTO users (email, password, name, nickname, phone, birth, profile_image)
        VALUES (#{email}, #{password}, #{name}, #{nickname}, #{phone}, #{birth}, "/home/ubuntu/images/profile/0-0-.png");
    </insert>

    <update id="userInfo" parameterType="UserDto">
        UPDATE users
        SET gender    = #{gender},
            height      = #{height},
            weight = #{weight},
            district = #{district},
            si_gun_gu = #{siGunGu}
        WHERE id = #{id};
    </update>

    <select id="checkEmail" parameterType="UserDto" resultType="int">
        SELECT COUNT(*)
        FROM users
        WHERE email = #{email};
    </select>

    <select id="checkNickname" parameterType="string" resultType="int">
        SELECT COUNT(*)
        FROM users
        WHERE nickname = #{nickname};
    </select>

    <select id="findByEmail" parameterType="string" resultType="UserDto">
        SELECT id, email, password, name, nickname, phone, birth, gender, height, weight, district, si_gun_gu
        FROM users
        WHERE email = #{email};
    </select>
</mapper>