<?xml version="1.0" encoding="UTF-8" ?>
<!DOCTYPE mapper PUBLIC "-//mybatis.org//DTD Mapper 3.0//EN"
        "http://mybatis.org/dtd/mybatis-3-mapper.dtd">
<mapper namespace="com.ssafy.back_end.auth.mapper.UserLoginMapper">

    <select id="login" parameterType="UserDto" resultType="UserDto">
        SELECT *
        FROM users
        WHERE email = #{email}
          AND password = #{password};
    </select>

    <update id="storeRefreshToken">
        UPDATE users
        SET refresh_token = #{refreshToken}
        WHERE id = #{id};
    </update>

    <update id="invalidateRefreshToken">
        UPDATE users
        SET refresh_token = NULL
        WHERE id = #{id}
    </update>

    <select id="getUserIdByRefreshToken" resultType="int">
        SELECT id
        FROM users
        WHERE refresh_token = #{refreshToken};
    </select>

    <select id="social">

    </select>

    <select id="socalToken">

    </select>

</mapper>