{"tfjsVersion":"1.3.1","tmVersion":"0.8.6","packageVersion":"0.8.6","packageName":"@teachablemachine/pose","timeStamp":"2024-08-01T01:29:56.607Z","userMetadata":{},"modelName":"my-pose-model","labels":["1. 완전히 내려간 단계","2. 굽힌 자세","3. 서있는 단계","4. 허리 말림[틀린 자세]","5. 바벨 떨어짐[굽힌 자세]","6.바벨 떨어짐[서있는 단계]"],"modelSettings":{"posenet":{"architecture":"MobileNetV1","outputStride":16,"inputResolution":257,"multiplier":0.75}}}